{"cameraMode":{"drawMode":0,"name":"Shaded","section":"Shading Mode"},"sceneLighting":true,"audioPlay":false,"sceneViewState":{"showFog":true,"showMaterialUpdate":false,"showSkybox":true,"showFlares":true,"showImageEffects":true,"showParticleSystems":true},"in2DMode":false,"pivot":{"x":-2.4636852741241457,"y":6.166743755340576,"z":21.84063720703125},"rotation":{"x":-0.10136737674474716,"y":-0.12145930528640747,"z":0.012469841167330742,"w":-0.9873309135437012},"size":14.717588424682618,"orthographic":false}