{"cameraMode":{"drawMode":0,"name":"Shaded","section":"Shading Mode"},"sceneLighting":true,"audioPlay":false,"sceneViewState":{"showFog":true,"showMaterialUpdate":false,"showSkybox":true,"showFlares":true,"showImageEffects":true,"showParticleSystems":true},"in2DMode":false,"pivot":{"x":-1358.508056640625,"y":-495.308837890625,"z":76.57467651367188},"rotation":{"x":-0.12807892262935639,"y":0.6767609715461731,"z":-0.12126977741718292,"w":-0.7147606611251831},"size":727.5327758789063,"orthographic":false}
