{"cameraMode":{"drawMode":0,"name":"Shaded","section":"Shading Mode"},"sceneLighting":false,"audioPlay":false,"sceneViewState":{"showFog":true,"showMaterialUpdate":false,"showSkybox":false,"showFlares":true,"showImageEffects":true,"showParticleSystems":true},"in2DMode":false,"pivot":{"x":1.3029999732971192,"y":5.949999809265137,"z":3.8499999046325685},"rotation":{"x":-0.07066462934017182,"y":0.6624740958213806,"z":-0.06299974024295807,"w":-0.7431033849716187},"size":0.8810500502586365,"orthographic":false}