{"cameraMode":{"drawMode":0,"name":"Shaded","section":"Shading Mode"},"sceneLighting":false,"audioPlay":false,"sceneViewState":{"showFog":true,"showMaterialUpdate":false,"showSkybox":false,"showFlares":true,"showImageEffects":true,"showParticleSystems":true},"in2DMode":false,"pivot":{"x":-12.180495262145996,"y":14.23938274383545,"z":15.783249855041504},"rotation":{"x":-0.11524394154548645,"y":0.5150367617607117,"z":-0.07011813670396805,"w":-0.8464977741241455},"size":0.8660253882408142,"orthographic":false}