{"cameraMode":{"drawMode":0,"name":"Shaded","section":"Shading Mode"},"sceneLighting":false,"audioPlay":false,"sceneViewState":{"showFog":true,"showMaterialUpdate":false,"showSkybox":false,"showFlares":true,"showImageEffects":true,"showParticleSystems":true},"in2DMode":false,"pivot":{"x":1.3029999732971192,"y":5.949999809265137,"z":3.8499999046325685},"rotation":{"x":-0.12807892262935639,"y":0.6767609715461731,"z":-0.12126977741718292,"w":-0.7147606611251831},"size":0.8810500502586365,"orthographic":false}