{"cameraMode":{"drawMode":0,"name":"Shaded","section":"Shading Mode"},"sceneLighting":true,"audioPlay":false,"sceneViewState":{"showFog":true,"showMaterialUpdate":false,"showSkybox":true,"showFlares":true,"showImageEffects":true,"showParticleSystems":true},"in2DMode":false,"pivot":{"x":9524.755859375,"y":6931.79052734375,"z":20078.794921875},"rotation":{"x":-0.36619463562965395,"y":0.019537417218089105,"z":0.007695136126130819,"w":0.9303104877471924},"size":11132.8271484375,"orthographic":false}