{"cameraMode":{"drawMode":0,"name":"Shaded","section":"Shading Mode"},"sceneLighting":false,"audioPlay":false,"sceneViewState":{"showFog":true,"showMaterialUpdate":false,"showSkybox":false,"showFlares":true,"showImageEffects":true,"showParticleSystems":true},"in2DMode":false,"pivot":{"x":-5.5878143310546879,"y":9.823525428771973,"z":27.85540771484375},"rotation":{"x":-0.06723116338253021,"y":0.44769230484962466,"z":-0.03378082439303398,"w":-0.89103764295578},"size":1.907106637954712,"orthographic":false}