{"cameraMode":{"drawMode":0,"name":"Shaded","section":"Shading Mode"},"sceneLighting":true,"audioPlay":false,"sceneViewState":{"showFog":true,"showMaterialUpdate":false,"showSkybox":true,"showFlares":true,"showImageEffects":true,"showParticleSystems":true},"in2DMode":false,"pivot":{"x":-6.389817237854004,"y":4.660804271697998,"z":-18.756441116333009},"rotation":{"x":-0.14484554529190064,"y":0.8033182621002197,"z":-0.21741122007369996,"w":-0.5351933240890503},"size":3.2660250663757326,"orthographic":false}