{"cameraMode":{"drawMode":0,"name":"Shaded","section":"Shading Mode"},"sceneLighting":true,"audioPlay":false,"sceneViewState":{"showFog":true,"showMaterialUpdate":false,"showSkybox":true,"showFlares":true,"showImageEffects":true,"showParticleSystems":true},"in2DMode":false,"pivot":{"x":1473.1666259765625,"y":-1349.5289306640625,"z":-1211.4833984375},"rotation":{"x":0.12940533459186555,"y":0.8616967797279358,"z":-0.2739451825618744,"w":0.4070402681827545},"size":1223.910888671875,"orthographic":false}