{"cameraMode":{"drawMode":0,"name":"Shaded","section":"Shading Mode"},"sceneLighting":false,"audioPlay":false,"sceneViewState":{"showFog":true,"showMaterialUpdate":false,"showSkybox":false,"showFlares":true,"showImageEffects":true,"showParticleSystems":true},"in2DMode":false,"pivot":{"x":-0.6523724794387817,"y":-1.0901517868041993,"z":3.324070453643799},"rotation":{"x":0.16738465428352357,"y":-0.2255474478006363,"z":0.03937160596251488,"w":0.9589512944221497},"size":2.944552183151245,"orthographic":false}