{"cameraMode":{"drawMode":0,"name":"Shaded","section":"Shading Mode"},"sceneLighting":true,"audioPlay":false,"sceneViewState":{"showFog":true,"showMaterialUpdate":false,"showSkybox":true,"showFlares":true,"showImageEffects":true,"showParticleSystems":true},"in2DMode":false,"pivot":{"x":14.037607192993164,"y":3.606607437133789,"z":8.283599853515625},"rotation":{"x":-0.332974910736084,"y":-0.4144779443740845,"z":0.16617846488952638,"w":-0.8305032849311829},"size":15.271588325500489,"orthographic":false}